archive,experiment_id,session_role,canonical_final,kaggle_ref,zip_sha256,zip_bytes,zip_member_count,file_manifest_sha256,classification
BASE-B-ORG-SCR-S42-1.zip,BASE-B-ORG-SCR-S42,canonical_final_single_session,True,nithoukhan/base-b-org-scr-s42-1,2ad67a84a8026fead5126c4a86a96319988c7a1408a0fda85e7686a2c3d7843d,41121254,32,5f78a903d8c365386c4ba9518f2e5a53855112cae8d919ec0e625c572417f336,CANONICAL_FINAL_PASS
BASE-B-ORG-PT-S42-1.zip,BASE-B-ORG-PT-S42,resume_parent,False,nithoukhan1/base-b-org-pt-s42-1,21f193c9f5ec89f932a066ab999a938b75f8f1abd1b3ebec4547c61caf99e856,72522392,19,6c6d7e2994ade1566a034016e4e67c44219207a0085f810f8bc86ce6011b1257,LINEAGE_SESSION_PRESERVED
BASE-B-ORG-PT-S42-2.zip,BASE-B-ORG-PT-S42,canonical_final_after_resume,True,nithoukhan1/base-b-org-pt-s42-2,047d8dc51650fc7ff0684e1f68da34c0a591ab8439fc6c8d0a42b6f4ea8150fe,41438150,35,9a4dad9a75add27e59dac8196d06ba659f3b44fc3dace2d0d9d9dab78dfd11fb,CANONICAL_FINAL_PASS
BASE-A-AUG-PT-S42-1.zip,BASE-A-AUG-PT-S42,resume_parent,False,vickyhit/base-a-aug-pt-s42-1,5197254b5cf6632c425b29e00bb227faa8e62d667678f9638191a6a114fcb691,71820299,16,e56579b9e5083ec95cc19304d755517310039e6ea18e064c7e14a8df8b0bd321,LINEAGE_SESSION_PRESERVED
BASE-A-AUG-PT-S42-2.zip,BASE-A-AUG-PT-S42,canonical_final_after_resume,True,vickyhit/base-a-aug-pt-s42-2,499d10102656162c8ef10dd6a886b32323c864e69bc4111ffa0ec6a1a3724cc8,41211704,35,850a852415b6c2d0feb410fcac9c47ad172a6968f0706ddce1feb5fc05fb6b6e,CANONICAL_FINAL_PASS
BASE-A-AUG-SCR-S42-1.zip,BASE-A-AUG-SCR-S42,resume_parent,False,abasitive/base-a-aug-scr-s42-1,6772324692822e2342992306c94863a7775a653ecf313bcee9f4a2b6e4072c57,71511246,16,77d8a2c9a002e66668b4e702dcc6c2505bca6f0bdb0481b9172dd1bb4676d3ee,LINEAGE_SESSION_PRESERVED
BASE-A-AUG-SCR-S42-2.zip,BASE-A-AUG-SCR-S42,canonical_final_after_resume,True,abasitive/base-a-aug-scr-s42-2,ff2bd07ac679b2179b89cfca3ed499f4c57dbb5ebe0a31b4e9ec55803f4a9bdf,40981275,35,47e05f00c436b7acbacd297796804dbdb16b5be3c1622fca3f9903c7f84e7fcc,CANONICAL_FINAL_PASS
BASE-B-AUG-PT-S42-1.zip,BASE-B-AUG-PT-S42,resume_parent,False,hebut123/base-b-aug-pt-s42-1,7d796f22bb2624bae1b7bc0b4d28827fcc41454a265941f50054e0a39f8df38b,71858794,16,b5744e4ae0ce048cf032ccf1f247b0fa555a4794f2b77c565e6c0113b05d97cb,LINEAGE_SESSION_PRESERVED
BASE-B-AUG-PT-S42-2.zip,BASE-B-AUG-PT-S42,canonical_final_after_resume,True,hebut123/base-b-aug-pt-s42-2,485e6093c3181ab85eec3c1c39a6f561eccea2008fc983e5da9e8bb9c1146f1c,41401090,34,153daeb88785e91aa15615cc14bc0b99a480353287df06ae33163254073a71f6,CANONICAL_FINAL_PASS
BASE-B-AUG-SCR-S42-1.zip,BASE-B-AUG-SCR-S42,resume_parent,False,nithoukhan2/base-b-aug-scr-s42-1,37455e4e0f5fe734841d079be9a4ad739a2953d00b2bce9ebb2002a0ebd6aace,71567430,16,2ca90b41c8eac76424485f7a6304e636e5bdd394f94450599a1d76f00042f114,LINEAGE_SESSION_PRESERVED
BASE-B-AUG-SCR-S42-2.zip,BASE-B-AUG-SCR-S42,canonical_final_after_resume,True,nithoukhan2/base-b-aug-scr-s42-2,e630c443d0c420d83c975f4443d994489b7c17058fdbd2f6080a4f60ff0217b1,41198010,34,11da7ad96e4044018d2716c54b2e7e4dd91a86643c688baa0dbddd78db2d14e5,CANONICAL_FINAL_PASS
