experiment_id,artifact_role,logical_name,provider,external_ref,sha256,bytes,source_commit,best_epoch,primary_val_metric,registered_utc,status,notes
BASE-B-ORG-PT-S42,selected_checkpoint,best.pt,Kaggle,kaggle:nithoukhan1/base-b-org-pt-s42-2/ResEMA_baseline_runs/BASE-B-ORG-PT-S42/weights/best.pt,65e3c59901e0429f70a7b368dc29ebb698c427a799cfcf66354a882ec48bc4c7,,46f40838c1c24a8ced77a2b868dfa0f7f1037f9c,44,0.41704,2026-09-28T07:53:00Z,VERIFIED,execution_commit=9fe475175d3963a083d7afc29426f07d86c1887d
BASE-B-ORG-PT-S42,terminal_checkpoint,last.pt,Kaggle,kaggle:nithoukhan1/base-b-org-pt-s42-2/ResEMA_baseline_runs/BASE-B-ORG-PT-S42/weights/last.pt,1b1dfee37aa38ef0983f66799e6948c765cb6360366e9cfa5a041774eac818f6,,46f40838c1c24a8ced77a2b868dfa0f7f1037f9c,44,0.41704,2026-09-28T07:53:00Z,VERIFIED,100/100 epochs
BASE-B-ORG-PT-S42,training_results,results.csv,Kaggle,kaggle:nithoukhan1/base-b-org-pt-s42-2/ResEMA_baseline_runs/BASE-B-ORG-PT-S42/results.csv,eb1d95da732c5beeff09b585b7be51216aed666de1ef8f97c8ea7e610045b758,,46f40838c1c24a8ced77a2b868dfa0f7f1037f9c,44,0.41704,2026-09-28T07:53:00Z,VERIFIED,canonical 100-epoch trajectory
BASE-B-ORG-PT-S42,canonical_run_archive,BASE-B-ORG-PT-S42-2.zip,Kaggle+local_archive,kaggle:nithoukhan1/base-b-org-pt-s42-2 | local:artifacts_external/baseline_freeze_01/raw_zips/BASE-B-ORG-PT-S42-2.zip,047d8dc51650fc7ff0684e1f68da34c0a591ab8439fc6c8d0a42b6f4ea8150fe,,46f40838c1c24a8ced77a2b868dfa0f7f1037f9c,44,0.41704,2026-09-28T07:53:00Z,VERIFIED,full_file_manifest_sha256=9a4dad9a75add27e59dac8196d06ba659f3b44fc3dace2d0d9d9dab78dfd11fb
BASE-B-ORG-PT-S42,standardized_validation_summary,VALIDATION_ONLY_SUMMARY.json,local_archive,artifacts_external/baseline_freeze_01/standardized_validation/BASELINE_FREEZE_01_PERCLASS_FULL_OUTPUT.zip,dd675d5b1449dc76551730de88f98e80ab4295c57990c9e20fea9590c4d96ef8,,46f40838c1c24a8ced77a2b868dfa0f7f1037f9c,44,0.41704,2026-09-28T07:53:00Z,VERIFIED,FP32 validation-only revalidation
BASE-B-ORG-PT-S42,standardized_per_class,PER_CLASS_METRICS.csv,local_archive,artifacts_external/baseline_freeze_01/standardized_validation/BASELINE_FREEZE_01_PERCLASS_FULL_OUTPUT.zip,f79126d1a04bbf736869ef5f07713b6ebeb89f1cb44f7420fff7e626ce5a638f,,46f40838c1c24a8ced77a2b868dfa0f7f1037f9c,44,0.41704,2026-09-28T07:53:00Z,VERIFIED,9 configured classes; zero-support as N/A
BASE-B-ORG-PT-S42,standardized_validation_manifest,VALIDATION_ARTIFACT_MANIFEST.csv,local_archive,artifacts_external/baseline_freeze_01/standardized_validation/BASELINE_FREEZE_01_PERCLASS_FULL_OUTPUT.zip,8407a8323d088bfee63816a158f024d885cbab6de646f0d3ea2c6160fb9a8bbc,,46f40838c1c24a8ced77a2b868dfa0f7f1037f9c,44,0.41704,2026-09-28T07:53:00Z,VERIFIED,15 derived validation artifacts
BASE-B-ORG-SCR-S42,selected_checkpoint,best.pt,Kaggle,kaggle:nithoukhan/base-b-org-scr-s42-1/ResEMA_baseline_runs/BASE-B-ORG-SCR-S42/weights/best.pt,64752b7d5a9451f5ae0a767032af81de2d833d5eca26abe6941322967f725a7e,,46f40838c1c24a8ced77a2b868dfa0f7f1037f9c,100,0.4036,2026-09-28T07:53:00Z,VERIFIED,execution_commit=9fe475175d3963a083d7afc29426f07d86c1887d
BASE-B-ORG-SCR-S42,terminal_checkpoint,last.pt,Kaggle,kaggle:nithoukhan/base-b-org-scr-s42-1/ResEMA_baseline_runs/BASE-B-ORG-SCR-S42/weights/last.pt,e08049131c6b1063cbfcda2fa8dd12cda2a4d9597bce4f4773969f825c1f8ec4,,46f40838c1c24a8ced77a2b868dfa0f7f1037f9c,100,0.4036,2026-09-28T07:53:00Z,VERIFIED,100/100 epochs
BASE-B-ORG-SCR-S42,training_results,results.csv,Kaggle,kaggle:nithoukhan/base-b-org-scr-s42-1/ResEMA_baseline_runs/BASE-B-ORG-SCR-S42/results.csv,465534f2eaaf26e7f21ea3434a8164cdf36dc3b64c9061fc71bbd85cefd4d84d,,46f40838c1c24a8ced77a2b868dfa0f7f1037f9c,100,0.4036,2026-09-28T07:53:00Z,VERIFIED,canonical 100-epoch trajectory
BASE-B-ORG-SCR-S42,canonical_run_archive,BASE-B-ORG-SCR-S42-1.zip,Kaggle+local_archive,kaggle:nithoukhan/base-b-org-scr-s42-1 | local:artifacts_external/baseline_freeze_01/raw_zips/BASE-B-ORG-SCR-S42-1.zip,2ad67a84a8026fead5126c4a86a96319988c7a1408a0fda85e7686a2c3d7843d,,46f40838c1c24a8ced77a2b868dfa0f7f1037f9c,100,0.4036,2026-09-28T07:53:00Z,VERIFIED,full_file_manifest_sha256=5f78a903d8c365386c4ba9518f2e5a53855112cae8d919ec0e625c572417f336
BASE-B-ORG-SCR-S42,standardized_validation_summary,VALIDATION_ONLY_SUMMARY.json,local_archive,artifacts_external/baseline_freeze_01/standardized_validation/BASELINE_FREEZE_01_PERCLASS_FULL_OUTPUT.zip,a434da26ef623e465c436420ba1f234c1255c890b98de41638b6a3965211ddab,,46f40838c1c24a8ced77a2b868dfa0f7f1037f9c,100,0.4036,2026-09-28T07:53:00Z,VERIFIED,FP32 validation-only revalidation
BASE-B-ORG-SCR-S42,standardized_per_class,PER_CLASS_METRICS.csv,local_archive,artifacts_external/baseline_freeze_01/standardized_validation/BASELINE_FREEZE_01_PERCLASS_FULL_OUTPUT.zip,532659ba4cdd06a4ea7d12bb929ab4b9c64c036da3fa54588cfca61a897cfd44,,46f40838c1c24a8ced77a2b868dfa0f7f1037f9c,100,0.4036,2026-09-28T07:53:00Z,VERIFIED,9 configured classes; zero-support as N/A
BASE-B-ORG-SCR-S42,standardized_validation_manifest,VALIDATION_ARTIFACT_MANIFEST.csv,local_archive,artifacts_external/baseline_freeze_01/standardized_validation/BASELINE_FREEZE_01_PERCLASS_FULL_OUTPUT.zip,d67c80048c2669667d9d9a780ef8e1ed693d867f22716bafcdfae41a0a43bb10,,46f40838c1c24a8ced77a2b868dfa0f7f1037f9c,100,0.4036,2026-09-28T07:53:00Z,VERIFIED,15 derived validation artifacts
BASE-B-AUG-PT-S42,selected_checkpoint,best.pt,Kaggle,kaggle:hebut123/base-b-aug-pt-s42-2/ResEMA_baseline_runs/BASE-B-AUG-PT-S42/weights/best.pt,a68b6303779c06e95ac931e068b16c87c2150d221172d7455f85292dc77eaa85,,18e75338ae116beccf3f5e4a0481efede601026b,33,0.43133,2026-09-28T07:53:00Z,VERIFIED,execution_commit=fe95e2d51c4d545111ae2fa7be70c8e1c8e77487
BASE-B-AUG-PT-S42,terminal_checkpoint,last.pt,Kaggle,kaggle:hebut123/base-b-aug-pt-s42-2/ResEMA_baseline_runs/BASE-B-AUG-PT-S42/weights/last.pt,454a1a7fef32892d363ccc3fcc1ab8ee0ee359e6b9b5b23b146f31d131ff4e14,,18e75338ae116beccf3f5e4a0481efede601026b,33,0.43133,2026-09-28T07:53:00Z,VERIFIED,100/100 epochs
BASE-B-AUG-PT-S42,training_results,results.csv,Kaggle,kaggle:hebut123/base-b-aug-pt-s42-2/ResEMA_baseline_runs/BASE-B-AUG-PT-S42/results.csv,989ffa06eac893caffddbdcade4eef04d3658c029e7f6a6ff49952c55fccfe31,,18e75338ae116beccf3f5e4a0481efede601026b,33,0.43133,2026-09-28T07:53:00Z,VERIFIED,canonical 100-epoch trajectory
BASE-B-AUG-PT-S42,canonical_run_archive,BASE-B-AUG-PT-S42-2.zip,Kaggle+local_archive,kaggle:hebut123/base-b-aug-pt-s42-2 | local:artifacts_external/baseline_freeze_01/raw_zips/BASE-B-AUG-PT-S42-2.zip,485e6093c3181ab85eec3c1c39a6f561eccea2008fc983e5da9e8bb9c1146f1c,,18e75338ae116beccf3f5e4a0481efede601026b,33,0.43133,2026-09-28T07:53:00Z,VERIFIED,full_file_manifest_sha256=153daeb88785e91aa15615cc14bc0b99a480353287df06ae33163254073a71f6
BASE-B-AUG-PT-S42,standardized_validation_summary,VALIDATION_ONLY_SUMMARY.json,local_archive,artifacts_external/baseline_freeze_01/standardized_validation/BASELINE_FREEZE_01_PERCLASS_FULL_OUTPUT.zip,06f2e20a1d340fa4809b013e2bfa50e1cf5383f1579ad6dfdd639cb120f7a5e2,,18e75338ae116beccf3f5e4a0481efede601026b,33,0.43133,2026-09-28T07:53:00Z,VERIFIED,FP32 validation-only revalidation
BASE-B-AUG-PT-S42,standardized_per_class,PER_CLASS_METRICS.csv,local_archive,artifacts_external/baseline_freeze_01/standardized_validation/BASELINE_FREEZE_01_PERCLASS_FULL_OUTPUT.zip,40ca40a26e9982266e87ffc08c3f3719ea3ca8ce281deebaf36ec0f0633c72ec,,18e75338ae116beccf3f5e4a0481efede601026b,33,0.43133,2026-09-28T07:53:00Z,VERIFIED,9 configured classes; zero-support as N/A
BASE-B-AUG-PT-S42,standardized_validation_manifest,VALIDATION_ARTIFACT_MANIFEST.csv,local_archive,artifacts_external/baseline_freeze_01/standardized_validation/BASELINE_FREEZE_01_PERCLASS_FULL_OUTPUT.zip,ac2e0df8418884594eeecf33d8bc6fc39a96c10f67d38f7d39371269a467d1ac,,18e75338ae116beccf3f5e4a0481efede601026b,33,0.43133,2026-09-28T07:53:00Z,VERIFIED,15 derived validation artifacts
BASE-B-AUG-SCR-S42,selected_checkpoint,best.pt,Kaggle,kaggle:nithoukhan2/base-b-aug-scr-s42-2/ResEMA_baseline_runs/BASE-B-AUG-SCR-S42/weights/best.pt,154befb68436c3248a844accd240f84624cce6f152992238aa1a4b12ec4bead3,,18e75338ae116beccf3f5e4a0481efede601026b,94,0.40492,2026-09-28T07:53:00Z,VERIFIED,execution_commit=fe95e2d51c4d545111ae2fa7be70c8e1c8e77487
BASE-B-AUG-SCR-S42,terminal_checkpoint,last.pt,Kaggle,kaggle:nithoukhan2/base-b-aug-scr-s42-2/ResEMA_baseline_runs/BASE-B-AUG-SCR-S42/weights/last.pt,bba860fc2be3be6d550e18dc524cdb40047e33ab8b14bdec8bd18e51f15b3703,,18e75338ae116beccf3f5e4a0481efede601026b,94,0.40492,2026-09-28T07:53:00Z,VERIFIED,100/100 epochs
BASE-B-AUG-SCR-S42,training_results,results.csv,Kaggle,kaggle:nithoukhan2/base-b-aug-scr-s42-2/ResEMA_baseline_runs/BASE-B-AUG-SCR-S42/results.csv,ee96eacecc72cd36e8244c9328db588661c9707c961da9b8d0c8bede34bf069a,,18e75338ae116beccf3f5e4a0481efede601026b,94,0.40492,2026-09-28T07:53:00Z,VERIFIED,canonical 100-epoch trajectory
BASE-B-AUG-SCR-S42,canonical_run_archive,BASE-B-AUG-SCR-S42-2.zip,Kaggle+local_archive,kaggle:nithoukhan2/base-b-aug-scr-s42-2 | local:artifacts_external/baseline_freeze_01/raw_zips/BASE-B-AUG-SCR-S42-2.zip,e630c443d0c420d83c975f4443d994489b7c17058fdbd2f6080a4f60ff0217b1,,18e75338ae116beccf3f5e4a0481efede601026b,94,0.40492,2026-09-28T07:53:00Z,VERIFIED,full_file_manifest_sha256=11da7ad96e4044018d2716c54b2e7e4dd91a86643c688baa0dbddd78db2d14e5
BASE-B-AUG-SCR-S42,standardized_validation_summary,VALIDATION_ONLY_SUMMARY.json,local_archive,artifacts_external/baseline_freeze_01/standardized_validation/BASELINE_FREEZE_01_PERCLASS_FULL_OUTPUT.zip,130706054f226ae4e79379d6034b3c97eb72711252ab17c63eb5dbefbe8cb5e9,,18e75338ae116beccf3f5e4a0481efede601026b,94,0.40492,2026-09-28T07:53:00Z,VERIFIED,FP32 validation-only revalidation
BASE-B-AUG-SCR-S42,standardized_per_class,PER_CLASS_METRICS.csv,local_archive,artifacts_external/baseline_freeze_01/standardized_validation/BASELINE_FREEZE_01_PERCLASS_FULL_OUTPUT.zip,a979e6079e31d3c9a619a4ccfcc4aa9bd6504fa86a87f88a80fe2f56366760a8,,18e75338ae116beccf3f5e4a0481efede601026b,94,0.40492,2026-09-28T07:53:00Z,VERIFIED,9 configured classes; zero-support as N/A
BASE-B-AUG-SCR-S42,standardized_validation_manifest,VALIDATION_ARTIFACT_MANIFEST.csv,local_archive,artifacts_external/baseline_freeze_01/standardized_validation/BASELINE_FREEZE_01_PERCLASS_FULL_OUTPUT.zip,23b89f744b37005ed1e184f2be2416b41e4a0d229f28a1ad17a6d1d67519c1b9,,18e75338ae116beccf3f5e4a0481efede601026b,94,0.40492,2026-09-28T07:53:00Z,VERIFIED,15 derived validation artifacts
BASE-A-AUG-PT-S42,selected_checkpoint,best.pt,Kaggle,kaggle:vickyhit/base-a-aug-pt-s42-2/ResEMA_baseline_runs/BASE-A-AUG-PT-S42/weights/best.pt,28e440680a024dfce52810933977b7cd69de209b71f9c5a48bae57cb8e307f7f,,46f40838c1c24a8ced77a2b868dfa0f7f1037f9c,49,0.41036,2026-09-28T07:53:00Z,VERIFIED,execution_commit=9fe475175d3963a083d7afc29426f07d86c1887d
BASE-A-AUG-PT-S42,terminal_checkpoint,last.pt,Kaggle,kaggle:vickyhit/base-a-aug-pt-s42-2/ResEMA_baseline_runs/BASE-A-AUG-PT-S42/weights/last.pt,28c75cc569770b11421ddf3f9b2da9cd054463357716fb1f706c33c5d0377fa1,,46f40838c1c24a8ced77a2b868dfa0f7f1037f9c,49,0.41036,2026-09-28T07:53:00Z,VERIFIED,100/100 epochs
BASE-A-AUG-PT-S42,training_results,results.csv,Kaggle,kaggle:vickyhit/base-a-aug-pt-s42-2/ResEMA_baseline_runs/BASE-A-AUG-PT-S42/results.csv,8959f126cf4e349f3d7e02fe2f057b28b1d92cab306dfae2ec1d8018be273a6c,,46f40838c1c24a8ced77a2b868dfa0f7f1037f9c,49,0.41036,2026-09-28T07:53:00Z,VERIFIED,canonical 100-epoch trajectory
BASE-A-AUG-PT-S42,canonical_run_archive,BASE-A-AUG-PT-S42-2.zip,Kaggle+local_archive,kaggle:vickyhit/base-a-aug-pt-s42-2 | local:artifacts_external/baseline_freeze_01/raw_zips/BASE-A-AUG-PT-S42-2.zip,499d10102656162c8ef10dd6a886b32323c864e69bc4111ffa0ec6a1a3724cc8,,46f40838c1c24a8ced77a2b868dfa0f7f1037f9c,49,0.41036,2026-09-28T07:53:00Z,VERIFIED,full_file_manifest_sha256=850a852415b6c2d0feb410fcac9c47ad172a6968f0706ddce1feb5fc05fb6b6e
BASE-A-AUG-PT-S42,standardized_validation_summary,VALIDATION_ONLY_SUMMARY.json,local_archive,artifacts_external/baseline_freeze_01/standardized_validation/BASELINE_FREEZE_01_PERCLASS_FULL_OUTPUT.zip,5249ea5584b0890b88b71b35d29b8d552dabe3982941fd717f796dc125c6a053,,46f40838c1c24a8ced77a2b868dfa0f7f1037f9c,49,0.41036,2026-09-28T07:53:00Z,VERIFIED,FP32 validation-only revalidation
BASE-A-AUG-PT-S42,standardized_per_class,PER_CLASS_METRICS.csv,local_archive,artifacts_external/baseline_freeze_01/standardized_validation/BASELINE_FREEZE_01_PERCLASS_FULL_OUTPUT.zip,43d798c2d29c5ba68425aac499619a13e8cfa8721ade7819280e484f987e3db2,,46f40838c1c24a8ced77a2b868dfa0f7f1037f9c,49,0.41036,2026-09-28T07:53:00Z,VERIFIED,9 configured classes; zero-support as N/A
BASE-A-AUG-PT-S42,standardized_validation_manifest,VALIDATION_ARTIFACT_MANIFEST.csv,local_archive,artifacts_external/baseline_freeze_01/standardized_validation/BASELINE_FREEZE_01_PERCLASS_FULL_OUTPUT.zip,7db1eeda21a65cb77dc39ec94d661b12c1acafd23aa18e77b9aa37d5246e2db6,,46f40838c1c24a8ced77a2b868dfa0f7f1037f9c,49,0.41036,2026-09-28T07:53:00Z,VERIFIED,15 derived validation artifacts
BASE-A-AUG-SCR-S42,selected_checkpoint,best.pt,Kaggle,kaggle:abasitive/base-a-aug-scr-s42-2/ResEMA_baseline_runs/BASE-A-AUG-SCR-S42/weights/best.pt,82946ced355005f062f81bb6cfcdaf221fec5cfb121a4d1caac8352afa1a005f,,46f40838c1c24a8ced77a2b868dfa0f7f1037f9c,64,0.39072,2026-09-28T07:53:00Z,VERIFIED,execution_commit=9fe475175d3963a083d7afc29426f07d86c1887d
BASE-A-AUG-SCR-S42,terminal_checkpoint,last.pt,Kaggle,kaggle:abasitive/base-a-aug-scr-s42-2/ResEMA_baseline_runs/BASE-A-AUG-SCR-S42/weights/last.pt,ca208a8e76548671fbb4de8964a5a16a698ecdfc5eb96ae27c94e1cfde382c51,,46f40838c1c24a8ced77a2b868dfa0f7f1037f9c,64,0.39072,2026-09-28T07:53:00Z,VERIFIED,100/100 epochs
BASE-A-AUG-SCR-S42,training_results,results.csv,Kaggle,kaggle:abasitive/base-a-aug-scr-s42-2/ResEMA_baseline_runs/BASE-A-AUG-SCR-S42/results.csv,763555c35a89a2813cb3ea452c551963eb1794c7245c5dfd82391f50c78e1111,,46f40838c1c24a8ced77a2b868dfa0f7f1037f9c,64,0.39072,2026-09-28T07:53:00Z,VERIFIED,canonical 100-epoch trajectory
BASE-A-AUG-SCR-S42,canonical_run_archive,BASE-A-AUG-SCR-S42-2.zip,Kaggle+local_archive,kaggle:abasitive/base-a-aug-scr-s42-2 | local:artifacts_external/baseline_freeze_01/raw_zips/BASE-A-AUG-SCR-S42-2.zip,ff2bd07ac679b2179b89cfca3ed499f4c57dbb5ebe0a31b4e9ec55803f4a9bdf,,46f40838c1c24a8ced77a2b868dfa0f7f1037f9c,64,0.39072,2026-09-28T07:53:00Z,VERIFIED,full_file_manifest_sha256=47e05f00c436b7acbacd297796804dbdb16b5be3c1622fca3f9903c7f84e7fcc
BASE-A-AUG-SCR-S42,standardized_validation_summary,VALIDATION_ONLY_SUMMARY.json,local_archive,artifacts_external/baseline_freeze_01/standardized_validation/BASELINE_FREEZE_01_PERCLASS_FULL_OUTPUT.zip,d95fbf7c9839ce073973d9c32b6a89ed0cba315737a38d96d9067c519ec69689,,46f40838c1c24a8ced77a2b868dfa0f7f1037f9c,64,0.39072,2026-09-28T07:53:00Z,VERIFIED,FP32 validation-only revalidation
BASE-A-AUG-SCR-S42,standardized_per_class,PER_CLASS_METRICS.csv,local_archive,artifacts_external/baseline_freeze_01/standardized_validation/BASELINE_FREEZE_01_PERCLASS_FULL_OUTPUT.zip,628d4f9f25147f21c4366afbc675ec12141e8e39217af506ce2cb8e54b63b0ce,,46f40838c1c24a8ced77a2b868dfa0f7f1037f9c,64,0.39072,2026-09-28T07:53:00Z,VERIFIED,9 configured classes; zero-support as N/A
BASE-A-AUG-SCR-S42,standardized_validation_manifest,VALIDATION_ARTIFACT_MANIFEST.csv,local_archive,artifacts_external/baseline_freeze_01/standardized_validation/BASELINE_FREEZE_01_PERCLASS_FULL_OUTPUT.zip,634e71657062a5898c7e762f4e254f0c8e2550af2db0b1eb02598f46ceba3287,,46f40838c1c24a8ced77a2b868dfa0f7f1037f9c,64,0.39072,2026-09-28T07:53:00Z,VERIFIED,15 derived validation artifacts
BASELINE-FREEZE-01,standardized_validation_package,BASELINE_FREEZE_01_PERCLASS_FULL_OUTPUT.zip,local_archive,artifacts_external/baseline_freeze_01/standardized_validation/BASELINE_FREEZE_01_PERCLASS_FULL_OUTPUT.zip,15004b6c14219f654d7b4e8e34e62b1b483b5ba127a15f8d208826ebbefa2d14,20925603,,,,2026-09-28T07:53:00Z,VERIFIED,117 ZIP members
BASELINE-FREEZE-01,standardized_validation_review_package,BASELINE_FREEZE_01_PERCLASS_REVIEW_PACKAGE.zip,local_archive,artifacts_external/baseline_freeze_01/standardized_validation/BASELINE_FREEZE_01_PERCLASS_REVIEW_PACKAGE.zip,71b5de9ea3a92cb93b76c4ba824aa85149b588c4d8bf11b0effcecc5b0e9d6c5,29143,,,,2026-09-28T07:53:00Z,VERIFIED,21 compact review files
BASELINE-FREEZE-01,standardized_validation_aggregate,STANDARDIZED_VALIDATION_AGGREGATE.csv,local_archive,BASELINE_FREEZE_01_PERCLASS_FULL_OUTPUT.zip,6a8a9100d7cbe5794ecf0bba3721e5035cf45780306ce7e8853c90bdba759e5a,2883,,,,2026-09-28T07:53:00Z,VERIFIED,six aggregate rows
BASELINE-FREEZE-01,standardized_validation_per_class,STANDARDIZED_PER_CLASS_ALL_EXPERIMENTS.csv,local_archive,BASELINE_FREEZE_01_PERCLASS_FULL_OUTPUT.zip,6610ee0d3381d643d30a532117ec1c58375b10f97f472956b3ece61ae2ee2ccb,7447,,,,2026-09-28T07:53:00Z,VERIFIED,54 rows
BASELINE-FREEZE-01,standardized_validation_batch_summary,STANDARDIZED_VALIDATION_BATCH_SUMMARY.json,local_archive,BASELINE_FREEZE_01_PERCLASS_FULL_OUTPUT.zip,5a9e987d95549ab481a5db06db22b3b8c28d384f2671b6cc56a5bf2f36e8b42f,1275,,,,2026-09-28T07:53:00Z,VERIFIED,6/6 children; training=false; test_access=NONE
